﻿{"cameraMode":{"drawMode":0,"name":"Shaded","section":"Shading Mode"},"sceneLighting":false,"audioPlay":false,"sceneViewState":{"showFog":true,"showMaterialUpdate":false,"showSkybox":false,"showFlares":true,"showImageEffects":true,"showParticleSystems":true},"in2DMode":false,"pivot":{"x":5.248991966247559,"y":9.483366012573243,"z":4.872686386108398},"rotation":{"x":0.10212576389312744,"y":0.8453688025474548,"z":0.49439704418182375,"w":-0.1746239811182022},"size":39.22026062011719,"orthographic":false}