﻿{"cameraMode":{"drawMode":0,"name":"Shaded","section":"Shading Mode"},"sceneLighting":true,"audioPlay":false,"sceneViewState":{"showFog":true,"showMaterialUpdate":false,"showSkybox":true,"showFlares":true,"showImageEffects":true,"showParticleSystems":true},"in2DMode":false,"pivot":{"x":-5.834769248962402,"y":-3.978217840194702,"z":33.083229064941409},"rotation":{"x":-0.2968578338623047,"y":0.6633934378623962,"z":-0.3256346583366394,"w":-0.6047699451446533},"size":19.610130310058595,"orthographic":false}